Complexity/scene/v16-e128-p4-f25$,8.0247 ms,3.9240 ms,-51.122,-51.461,-50.773,83.9,67.5,518.7,342.5
Complexity/scene/v4-e128-p4-f25$,1.8171 ms,851.49 µs,-53.226,-53.490,-52.974,50.5,45.4,198.0,184.5
Complexity/scene/v64-e128-p4-f25$,41.093 ms,19.238 ms,-52.970,-53.348,-52.589,234.8,158.2,798.5,802.9
Complexity/scene/v16-e32-p4-f25$,1.6907 ms,712.64 µs,-57.666,-57.906,-57.431,50.6,45.5,206.4,191.3
Complexity/scene/v16-e512-p4-f25$,44.937 ms,21.903 ms,-52.288,-53.003,-51.570,237.6,188.2,815.3,857.3
Complexity/scene/v16-e128-p1-f25$,2.5495 ms,993.59 µs,-62.049,-62.730,-61.312,47.6,46.7,208.0,237.7
Complexity/scene/v16-e128-p12-f25$,24.737 ms,18.810 ms,-24.669,-25.185,-24.177,116.2,92.0,537.3,468.3
Complexity/scene/v16-e128-p4-f0$,8.1826 ms,2.5994 ms,-67.908,-68.230,-67.577,81.6,68.0,489.8,387.4
Complexity/scene/v16-e128-p4-f6$,8.1693 ms,2.9739 ms,-64.188,-64.881,-63.564,84.2,73.5,466.0,361.8
Complexity/scene/v16-e128-p4-f100$,8.0680 ms,7.8430 ms,-5.3482,-8.3201,-2.7189,84.2,67.0,491.1,395.6
Complexity/scene/v64-e128-p4-f6$,42.567 ms,14.559 ms,-65.080,-65.997,-64.141,224.4,155.3,820.6,778.9
Complexity/scene/v16-e512-p4-f6$,45.326 ms,16.608 ms,-63.612,-64.098,-63.133,256.5,166.8,898.2,843.8
Complexity/scene/v4-e512-p4-f100$,8.1543 ms,8.0711 ms,-1.7394,-3.2358,-0.1481,81.4,66.7,467.8,359.2
Complexity/scene/v64-e32-p4-f100$,8.1919 ms,8.1280 ms,-0.8168,-2.2680,+0.6171,94.8,86.7,476.3,361.1
Complexity/scene/v16-e128-p1-f100$,2.5574 ms,2.5107 ms,-1.4801,-2.0069,-0.9464,47.9,49.2,205.9,203.1
Complexity/scene/v16-e128-p12-f100$,25.215 ms,23.829 ms,-5.7016,-6.9535,-4.3147,131.3,94.6,537.5,480.1
Complexity/scene/v16-e128-p1-f0$,2.5670 ms,467.65 µs,-81.559,-81.751,-81.415,47.8,45.6,197.3,236.7
Complexity/scene/v16-e128-p12-f0$,25.579 ms,17.054 ms,-32.313,-33.151,-31.551,115.2,83.1,579.0,505.6
Complexity/scene/v16-e512-p4-f0$,46.392 ms,15.390 ms,-66.554,-67.206,-65.882,260.4,153.1,852.5,776.5
Complexity/scene/v16-e512-p4-f100$,47.111 ms,43.846 ms,-8.4976,-10.831,-6.1403,305.5,212.2,763.5,783.6
Complexity/scene/v16-e128-p1-f0-cached$,1.1046 ms,476.79 µs,-57.036,-57.363,-56.738,45.9,45.3,203.2,222.8
Complexity/scene/v16-e128-p4-f0-cached$,5.1012 ms,2.6211 ms,-48.461,-48.680,-48.249,79.2,66.9,467.0,382.6
Complexity/scene/v16-e128-p12-f0-cached$,28.831 ms,17.068 ms,-40.749,-41.030,-40.474,106.1,92.6,473.0,458.8
Complexity/scene/v16-e512-p4-f0-cached$,42.194 ms,14.846 ms,-64.763,-64.955,-64.589,185.4,174.2,771.3,784.8
Complexity/scene/v64-e128-p4-f0-cached$,33.044 ms,12.926 ms,-60.864,-60.972,-60.747,183.0,151.8,867.4,775.7
Complexity/scene/v16-e128-p4-f6-cached$,5.4008 ms,3.0074 ms,-44.527,-44.869,-44.168,75.2,63.6,479.8,346.6
Complexity/scene/v16-e128-p4-f25-cached$,6.3657 ms,4.0157 ms,-36.659,-37.070,-36.125,74.8,67.1,518.0,362.2
Complexity/scene/v16-e128-p4-f100-cached$,10.488 ms,8.3113 ms,-20.144,-20.658,-19.614,82.9,67.8,501.4,367.3
Complexity/editors/k1-d0-cursor$,237.14 µs,104.40 µs,-57.377,-58.361,-56.342,42.4,42.2,202.5,398.9
Complexity/editors/k1-d1-cursor$,515.90 µs,501.89 µs,-2.7573,-3.7185,-1.7638,43.1,43.0,134.8,133.4
Complexity/editors/k1-d1-scroll$,415.45 µs,417.42 µs,-2.8020,-5.0872,-0.6110,43.0,43.0,146.2,146.7
Complexity/editors/k4-d0-cursor$,884.99 µs,169.10 µs,-82.403,-83.138,-81.479,50.5,45.7,151.2,304.1
Complexity/editors/k4-d1-cursor$,1.9561 ms,684.89 µs,-65.056,-66.058,-63.992,53.8,46.8,132.0,136.1
Complexity/editors/k4-d1-scroll$,1.0174 ms,493.72 µs,-51.240,-52.030,-50.451,50.9,45.5,138.0,141.0
Complexity/editors/k4-d4-cursor$,4.6775 ms,2.2680 ms,-51.307,-51.839,-50.813,50.5,47.0,121.6,120.4
Complexity/editors/k4-d4-scroll$,1.1214 ms,1.0930 ms,-1.8630,-3.0676,-0.6163,52.5,48.2,133.0,126.8
Complexity/editors/k1-d0-cursor-cached$,105.75 µs,120.33 µs,+14.740,+10.829,+18.565,42.5,42.4,397.4,365.0
Complexity/editors/k4-d0-cursor-cached$,217.08 µs,196.19 µs,-12.549,-14.855,-10.440,46.9,45.8,246.6,272.0
Complexity/editors/k4-d1-scroll-cached$,549.53 µs,494.21 µs,-12.995,-17.274,-8.6280,46.1,46.3,159.8,138.8
